URL,Version,Status,OIDs,Name,Title,Description,Uses,Used,Sources
http://hl7.org/fhir/ValueSet/additional-instruction-codes,4.0.1,draft,"2.16.840.1.113883.4.642.3.95",SNOMEDCTAdditionalDosageInstructions,SNOMED CT Additional Dosage Instructions,"This value set includes all SNOMED CT Additional Dosage Instructions.","StructureDefinition/au-ps-medicationrequest,StructureDefinition/au-ps-medicationstatement","SCT"
http://hl7.org/fhir/ValueSet/administration-method-codes,4.0.1,draft,"2.16.840.1.113883.4.642.3.97",SNOMEDCTAdministrationMethodCodes,SNOMED CT Administration Method Codes,"This value set includes some method codes from SNOMED CT - provided as an exemplar","StructureDefinition/au-ps-medicationrequest,StructureDefinition/au-ps-medicationstatement","SCT"
http://hl7.org/fhir/ValueSet/administrative-gender,4.0.1,active,"2.16.840.1.113883.4.642.3.1",AdministrativeGender,AdministrativeGender,"The gender of a person used for administrative purposes.","StructureDefinition/au-ps-practitioner,StructureDefinition/au-ps-relatedperson,StructureDefinition/au-ps-patient","hl7.fhir.r4.core"
http://hl7.org/fhir/ValueSet/allergy-intolerance-category,4.0.1,draft,"2.16.840.1.113883.4.642.3.133",AllergyIntoleranceCategory,AllergyIntoleranceCategory,"Category of an identified substance associated with allergies or intolerances.","StructureDefinition/au-ps-allergyintolerance","hl7.fhir.r4.core"
http://hl7.org/fhir/ValueSet/allergy-intolerance-criticality,4.0.1,draft,"2.16.840.1.113883.4.642.3.129",AllergyIntoleranceCriticality,AllergyIntoleranceCriticality,"Estimate of the potential clinical harm, or seriousness, of a reaction to an identified substance.","StructureDefinition/au-ps-allergyintolerance","hl7.fhir.r4.core"
http://hl7.org/fhir/ValueSet/allergy-intolerance-type,4.0.1,draft,"2.16.840.1.113883.4.642.3.131",AllergyIntoleranceType,AllergyIntoleranceType,"Identification of the underlying physiological mechanism for a Reaction Risk.","StructureDefinition/au-ps-allergyintolerance","hl7.fhir.r4.core"
http://hl7.org/fhir/ValueSet/allergyintolerance-clinical,4.0.1,draft,"2.16.840.1.113883.4.642.3.1372",AllergyIntoleranceClinicalStatusCodes,AllergyIntolerance Clinical Status Codes,"Preferred value set for AllergyIntolerance Clinical Status.","StructureDefinition/au-ps-allergyintolerance","THO"
http://hl7.org/fhir/ValueSet/allergyintolerance-verification,4.0.1,draft,"2.16.840.1.113883.4.642.3.1370",AllergyIntoleranceVerificationStatusCodes,AllergyIntolerance Verification Status Codes,"Preferred value set for AllergyIntolerance Verification Status.","StructureDefinition/au-ps-allergyintolerance","THO"
http://hl7.org/fhir/ValueSet/body-site,4.0.1,draft,"2.16.840.1.113883.4.642.3.141",SNOMEDCTBodyStructures,SNOMED CT Body Structures,"This value set includes all codes from [SNOMED CT](http://snomed.info/sct) where concept is-a 442083009 (Anatomical or acquired body site (body structure)).","StructureDefinition/au-ps-diagnosticresult-path,StructureDefinition/au-ps-smokingstatus","SCT"
http://hl7.org/fhir/ValueSet/bundle-type,4.0.1,active,"2.16.840.1.113883.4.642.3.620",BundleType,BundleType,"Indicates the purpose of a bundle - how it is intended to be used.","StructureDefinition/au-ps-bundle","hl7.fhir.r4.core"
http://hl7.org/fhir/ValueSet/common-tags,4.0.1,draft,"2.16.840.1.113883.4.642.3.79",CommonTags,Common Tags,"Common Tag Codes defined by FHIR project","StructureDefinition/au-ps-composition","THO"
http://hl7.org/fhir/ValueSet/composition-attestation-mode,4.0.1,draft,"2.16.840.1.113883.4.642.3.238",CompositionAttestationMode,CompositionAttestationMode,"The way in which a person authenticated a composition.","StructureDefinition/au-ps-composition","hl7.fhir.r4.core"
http://hl7.org/fhir/ValueSet/composition-status,4.0.1,draft,"2.16.840.1.113883.4.642.3.241",CompositionStatus,CompositionStatus,"The workflow/clinical status of the composition.","StructureDefinition/au-ps-composition","hl7.fhir.r4.core"
http://hl7.org/fhir/ValueSet/condition-category,4.0.1,draft,"2.16.840.1.113883.4.642.3.162",ConditionCategoryCodes,Condition Category Codes,"Preferred value set for Condition Categories.","StructureDefinition/au-ps-condition","THO"
http://hl7.org/fhir/ValueSet/condition-clinical,4.0.1,draft,"2.16.840.1.113883.4.642.3.164",ConditionClinicalStatusCodes,Condition Clinical Status Codes,"Preferred value set for Condition Clinical Status.","StructureDefinition/au-ps-condition","THO"
http://hl7.org/fhir/ValueSet/condition-code,4.0.1,draft,"2.16.840.1.113883.4.642.3.161",Condition/Problem/DiagnosisCodes,Condition/Problem/Diagnosis Codes,"Example value set for Condition/Problem/Diagnosis codes.","StructureDefinition/au-ps-procedure","SCT"
http://hl7.org/fhir/ValueSet/condition-severity,4.0.1,draft,"2.16.840.1.113883.4.642.3.168",Condition/DiagnosisSeverity,Condition/Diagnosis Severity,"Preferred value set for Condition/Diagnosis severity grading.","StructureDefinition/au-ps-condition","SCT"
http://hl7.org/fhir/ValueSet/condition-stage,4.0.1,draft,"2.16.840.1.113883.4.642.3.170",ConditionStage,Condition Stage,"Example value set for stages of cancer and other conditions.","StructureDefinition/au-ps-condition","SCT"
http://hl7.org/fhir/ValueSet/condition-stage-type,4.0.1,draft,"2.16.840.1.113883.4.642.3.171",ConditionStageType,Condition Stage Type,"Example value set for the type of stages of cancer and other conditions","StructureDefinition/au-ps-condition","SCT"
http://hl7.org/fhir/ValueSet/condition-ver-status,4.0.1,draft,"2.16.840.1.113883.4.642.3.166",ConditionVerificationStatus,ConditionVerificationStatus,"The verification status to support or decline the clinical status of the condition or diagnosis.","StructureDefinition/au-ps-condition","THO"
http://hl7.org/fhir/ValueSet/contact-point-system,4.0.1,active,"2.16.840.1.113883.4.642.3.71",ContactPointSystem,ContactPointSystem,"Telecommunications form for contact point.","StructureDefinition/au-ps-practitionerrole,StructureDefinition/au-ps-organization,StructureDefinition/au-ps-patient","hl7.fhir.r4.core"
http://hl7.org/fhir/ValueSet/contact-point-use,4.0.1,active,"2.16.840.1.113883.4.642.3.73",ContactPointUse,ContactPointUse,"Use of contact point.","StructureDefinition/au-ps-practitionerrole,StructureDefinition/au-ps-organization,StructureDefinition/au-ps-patient","hl7.fhir.r4.core"
http://hl7.org/fhir/ValueSet/data-absent-reason,4.0.1,active,"2.16.840.1.113883.4.642.3.5",DataAbsentReason,DataAbsentReason,"Used to specify why the normally expected content of the data element is missing.","StructureDefinition/au-ps-diagnosticresult-path,StructureDefinition/au-ps-smokingstatus","THO"
http://hl7.org/fhir/ValueSet/days-of-week,4.0.1,active,"2.16.840.1.113883.4.642.3.512",DaysOfWeek,DaysOfWeek,"The days of the week.","StructureDefinition/au-ps-practitionerrole","hl7.fhir.r4.core"
http://hl7.org/fhir/ValueSet/device-action,4.0.1,draft,"2.16.840.1.113883.4.642.3.425",ProcedureDeviceActionCodes,Procedure Device Action Codes,"Example codes indicating the change that happened to the device during the procedure.  Note that these are in no way complete and might not even be appropriate for some uses.","StructureDefinition/au-ps-procedure","SCT"
http://hl7.org/fhir/ValueSet/device-kind,4.0.1,draft,"2.16.840.1.113883.4.642.3.208",FHIRDeviceTypes,FHIR Device Types,"Codes used to identify medical devices. Includes concepts from SNOMED CT (http://www.snomed.org/) where concept is-a 49062001 (Device)  and is provided as a suggestive example.","StructureDefinition/au-ps-procedure","SCT"
http://hl7.org/fhir/ValueSet/diagnosis-role,4.0.1,draft,"2.16.840.1.113883.4.642.3.49",DiagnosisRole,DiagnosisRole,"This value set defines a set of codes that can be used to express the role of a diagnosis on the Encounter or EpisodeOfCare record.","StructureDefinition/au-ps-encounter","THO"
http://hl7.org/fhir/ValueSet/doc-section-codes,4.0.1,draft,"2.16.840.1.113883.4.642.3.237",DocumentSectionCodes,Document Section Codes,"Document section codes (LOINC codes used in CCDA sections).","StructureDefinition/au-ps-composition","LOINC"
http://hl7.org/fhir/ValueSet/doc-typecodes,4.0.1,draft,"2.16.840.1.113883.4.642.3.240",FHIRDocumentTypeCodes,FHIR Document Type Codes,"FHIR Document Codes - all LOINC codes where scale type = 'DOC'.","StructureDefinition/au-ps-composition","LOINC"
http://hl7.org/fhir/ValueSet/document-classcodes,4.0.1,active,"2.16.840.1.113883.3.88.12.80.46",DocumentClassValueSet,Document Class Value Set,"This is the code specifying the high-level kind of document (e.g. Prescription, Discharge Summary, Report, etc.). Note: Class code for documents comes from LOINC, and is based upon one of the following:The type of service described by the document. It is described at a very high level in Section 7.3 of the LOINC Manual. The type study performed. It was determined by identifying modalities for study reports. The section of the chart where the document is placed. It was determined from the SETs created for Claims Attachment requests.","StructureDefinition/au-ps-composition","LOINC"
http://hl7.org/fhir/ValueSet/document-relationship-type,4.0.1,draft,"2.16.840.1.113883.4.642.3.244",DocumentRelationshipType,DocumentRelationshipType,"The type of relationship between documents.","StructureDefinition/au-ps-composition","hl7.fhir.r4.core"
http://hl7.org/fhir/ValueSet/dose-rate-type,4.0.1,draft,"2.16.840.1.113883.4.642.3.981",DoseAndRateType,DoseAndRateType,"The kind of dose or rate specified.","StructureDefinition/au-ps-medicationrequest,StructureDefinition/au-ps-medicationstatement","THO"
http://hl7.org/fhir/ValueSet/encounter-admit-source,4.0.1,draft,"2.16.840.1.113883.4.642.3.257",AdmitSource,Admit source,"This value set defines a set of codes that can be used to indicate from where the patient came in.","StructureDefinition/au-ps-encounter","THO"
http://hl7.org/fhir/ValueSet/encounter-diet,4.0.1,draft,"2.16.840.1.113883.4.642.3.255",Diet,Diet,"This value set defines a set of codes that can be used to indicate dietary preferences or restrictions a patient may have.","StructureDefinition/au-ps-encounter","THO"
http://hl7.org/fhir/ValueSet/encounter-location-status,4.0.1,draft,"2.16.840.1.113883.4.642.3.262",EncounterLocationStatus,EncounterLocationStatus,"The status of the location.","StructureDefinition/au-ps-encounter","hl7.fhir.r4.core"
http://hl7.org/fhir/ValueSet/encounter-participant-type,4.0.1,draft,"2.16.840.1.113883.4.642.3.250",ParticipantType,Participant type,"This value set defines a set of codes that can be used to indicate how an individual participates in an encounter.","StructureDefinition/au-ps-encounter","THO (V3),THO"
http://hl7.org/fhir/ValueSet/encounter-special-arrangements,4.0.1,draft,"2.16.840.1.113883.4.642.3.253",SpecialArrangements,Special arrangements,"This value set defines a set of codes that can be used to indicate the kinds of special arrangements in place for a patients visit.","StructureDefinition/au-ps-encounter","THO"
http://hl7.org/fhir/ValueSet/encounter-special-courtesy,4.0.1,draft,"2.16.840.1.113883.4.642.3.252",SpecialCourtesy,Special courtesy,"This value set defines a set of codes that can be used to indicate special courtesies provided to the patient.","StructureDefinition/au-ps-encounter","THO (V3)"
http://hl7.org/fhir/ValueSet/encounter-status,4.0.1,draft,"2.16.840.1.113883.4.642.3.246",EncounterStatus,EncounterStatus,"Current state of the encounter.","StructureDefinition/au-ps-encounter","hl7.fhir.r4.core"
http://hl7.org/fhir/ValueSet/event-status,4.0.1,draft,"2.16.840.1.113883.4.642.3.109",EventStatus,EventStatus,"Codes identifying the lifecycle stage of an event.","StructureDefinition/au-ps-procedure","hl7.fhir.r4.core"
http://hl7.org/fhir/ValueSet/http-verb,4.0.1,active,"2.16.840.1.113883.4.642.3.624",HTTPVerb,HTTPVerb,"HTTP verbs (in the HTTP command line). See [HTTP rfc](https://tools.ietf.org/html/rfc7231) for details.","StructureDefinition/au-ps-bundle","hl7.fhir.r4.core"
http://hl7.org/fhir/ValueSet/immunization-funding-source,4.0.1,draft,"2.16.840.1.113883.4.642.3.293",ImmunizationFundingSource,Immunization Funding Source,"The value set to instantiate this attribute should be drawn from a terminologically robust code system that consists of or contains concepts to support describing the source of the vaccine administered. This value set is provided as a suggestive example.","StructureDefinition/au-ps-immunization","THO"
http://hl7.org/fhir/ValueSet/immunization-origin,4.0.1,draft,"2.16.840.1.113883.4.642.3.296",ImmunizationOriginCodes,Immunization Origin Codes,"The value set to instantiate this attribute should be drawn from a terminologically robust code system that consists of or contains concepts to support describing the source of the data when the report of the immunization event is not based on information from the person, entity or organization who administered the vaccine. This value set is provided as a suggestive example.","StructureDefinition/au-ps-immunization","THO"
http://hl7.org/fhir/ValueSet/immunization-program-eligibility,4.0.1,draft,"2.16.840.1.113883.4.642.3.291",ImmunizationProgramEligibility,Immunization Program Eligibility,"The value set to instantiate this attribute should be drawn from a terminologically robust code system that consists of or contains concepts to support describing the patient's eligibility for a vaccination program. This value set is provided as a suggestive example.","StructureDefinition/au-ps-immunization","THO"
http://hl7.org/fhir/ValueSet/immunization-status,4.0.1,draft,"2.16.840.1.113883.4.642.3.295",ImmunizationStatusCodes,Immunization Status Codes,"The value set to instantiate this attribute should be drawn from a terminologically robust code system that consists of or contains concepts to support describing the current status of the administered dose of vaccine.","StructureDefinition/au-ps-immunization","hl7.fhir.r4.core"
http://hl7.org/fhir/ValueSet/immunization-subpotent-reason,4.0.1,draft,"2.16.840.1.113883.4.642.3.993",ImmunizationSubpotentReason,Immunization Subpotent Reason,"The value set to instantiate this attribute should be drawn from a terminologically robust code system that consists of or contains concepts to support describing the reason why a dose is considered to be subpotent. This value set is provided as a suggestive example.","StructureDefinition/au-ps-immunization","THO"
http://hl7.org/fhir/ValueSet/languages,4.0.1,draft,"2.16.840.1.113883.4.642.3.20",CommonLanguages,Common Languages,"This value set includes common codes from BCP-47 (http://tools.ietf.org/html/bcp47)","StructureDefinition/au-ps-condition,StructureDefinition/au-ps-medicationrequest,StructureDefinition/au-ps-composition,StructureDefinition/au-ps-practitioner,StructureDefinition/au-ps-practitionerrole,StructureDefinition/au-ps-bundle,StructureDefinition/au-ps-immunization,StructureDefinition/au-ps-smokingstatus,StructureDefinition/au-ps-organization,StructureDefinition/au-ps-patient,StructureDefinition/au-ps-allergyintolerance,StructureDefinition/au-ps-encounter,StructureDefinition/au-ps-diagnosticresult-path,StructureDefinition/au-ps-procedure,StructureDefinition/au-ps-medication,StructureDefinition/au-ps-medicationstatement,StructureDefinition/au-ps-relatedperson","hl7.terminology.r4"
http://hl7.org/fhir/ValueSet/link-type,4.0.1,active,"2.16.840.1.113883.4.642.3.423",LinkType,LinkType,"The type of link between this patient resource and another patient resource.","StructureDefinition/au-ps-patient","hl7.fhir.r4.core"
http://hl7.org/fhir/ValueSet/list-empty-reason,4.0.1,draft,"2.16.840.1.113883.4.642.3.322",ListEmptyReasons,List Empty Reasons,"General reasons for a list to be empty. Reasons are either related to a summary list (i.e. problem or medication list) or to a workflow related list (i.e. consultation list).","StructureDefinition/au-ps-composition","THO"
http://hl7.org/fhir/ValueSet/list-mode,4.0.1,draft,"2.16.840.1.113883.4.642.3.318",ListMode,ListMode,"The processing mode that applies to this list.","StructureDefinition/au-ps-composition","hl7.fhir.r4.core"
http://hl7.org/fhir/ValueSet/list-order,4.0.1,draft,"2.16.840.1.113883.4.642.3.324",ListOrderCodes,List Order Codes,"Base values for the order of the items in a list resource.","StructureDefinition/au-ps-composition","THO"
http://hl7.org/fhir/ValueSet/location-physical-type,4.0.1,draft,"2.16.840.1.113883.4.642.3.328",LocationType,Location type,"This example value set defines a set of codes that can be used to indicate the physical form of the Location.","StructureDefinition/au-ps-encounter","THO"
http://hl7.org/fhir/ValueSet/marital-status,4.0.1,active,"2.16.840.1.113883.4.642.3.29",Marital Status Codes,MaritalStatus,"This value set defines the set of codes that can be used to indicate the marital status of a person.","StructureDefinition/au-ps-patient","THO (V3)"
http://hl7.org/fhir/ValueSet/medication-codes,4.0.1,draft,"2.16.840.1.113883.4.642.3.375",SNOMEDCTMedicationCodes,SNOMED CT Medication Codes,"This value set includes all drug or medicament substance codes and all pharmaceutical/biologic products from SNOMED CT - provided as an exemplar value set.","StructureDefinition/au-ps-medicationrequest,StructureDefinition/au-ps-medication,StructureDefinition/au-ps-medicationstatement","SCT"
http://hl7.org/fhir/ValueSet/medication-statement-category,4.0.1,draft,"2.16.840.1.113883.4.642.3.370",Medication usage category codes,Medication usage category codes,"Medication Status Codes","StructureDefinition/au-ps-medicationstatement","THO"
http://hl7.org/fhir/ValueSet/medication-statement-status,4.0.1,draft,"2.16.840.1.113883.4.642.3.367",Medication Status Codes,Medication  status  codes,"Medication Status Codes","StructureDefinition/au-ps-medicationstatement","hl7.fhir.r4.core"
http://hl7.org/fhir/ValueSet/medication-status,4.0.1,draft,"2.16.840.1.113883.4.642.3.376",Medication Status Codes,Medication  status  codes,"Medication Status Codes","StructureDefinition/au-ps-medication","hl7.fhir.r4.core"
http://hl7.org/fhir/ValueSet/medicationrequest-category,4.0.1,draft,"2.16.840.1.113883.4.642.3.1322",medicationRequest Category Codes,Medication request  category  codes,"MedicationRequest Category Codes","StructureDefinition/au-ps-medicationrequest","THO"
http://hl7.org/fhir/ValueSet/medicationrequest-course-of-therapy,4.0.1,draft,"2.16.840.1.113883.4.642.3.1326",medicationRequest Course of Therapy Codes,Medication request  course of  therapy  codes,"MedicationRequest Course of Therapy Codes","StructureDefinition/au-ps-medicationrequest","THO"
http://hl7.org/fhir/ValueSet/medicationrequest-intent,4.0.1,draft,"2.16.840.1.113883.4.642.3.1321",medicationRequest Intent,Medication request  intent,"MedicationRequest Intent Codes","StructureDefinition/au-ps-medicationrequest","hl7.fhir.r4.core"
http://hl7.org/fhir/ValueSet/medicationrequest-status,4.0.1,draft,"2.16.840.1.113883.4.642.3.1320",medicationrequest Status,Medicationrequest  status,"MedicationRequest Status Codes","StructureDefinition/au-ps-medicationrequest","hl7.fhir.r4.core"
http://hl7.org/fhir/ValueSet/medicationrequest-status-reason,4.0.1,draft,"2.16.840.1.113883.4.642.3.1324",medicationRequest Status Reason Codes,Medication request  status  reason  codes,"MedicationRequest Status Reason Codes","StructureDefinition/au-ps-medicationrequest","THO"
http://hl7.org/fhir/ValueSet/name-use,4.0.1,active,"2.16.840.1.113883.4.642.3.65",NameUse,NameUse,"The use of a human name.","StructureDefinition/au-ps-practitioner,StructureDefinition/au-ps-relatedperson,StructureDefinition/au-ps-patient","hl7.fhir.r4.core"
http://hl7.org/fhir/ValueSet/observation-category,4.0.1,draft,"2.16.840.1.113883.4.642.3.403",ObservationCategoryCodes,Observation Category Codes,"Observation Category codes.","StructureDefinition/au-ps-diagnosticresult-path,StructureDefinition/au-ps-smokingstatus","THO"
http://hl7.org/fhir/ValueSet/observation-codes,4.0.1,draft,"2.16.840.1.113883.4.642.3.396",LOINCCodes,LOINC Codes,"This value set includes all LOINC codes","StructureDefinition/au-ps-smokingstatus","LOINC"
http://hl7.org/fhir/ValueSet/observation-interpretation,4.0.1,active,"2.16.840.1.113883.4.642.3.399",ObservationInterpretationCodes,Observation Interpretation Codes,"A categorical assessment, providing a rough qualitative interpretation of the observation value,    such as “normal”/ “abnormal”,”low” / “high”, “better” / “worse”, “susceptible” / “resistant”, “expected”/ “not expected”.    The value set is intended to be for ANY use where coded representation of an interpretation is needed.             Notes:          This is being communicated in v2.x in OBX-8 (Observation Interpretation), in v3 in ObservationInterpretation (CWE) in R1 (Representative Realm) and in FHIR in    Observation.interpretation. Historically these values come from the laboratory domain, and these codes are extensively    used. The value set binding is extensible, so codes outside the value set that are needed for interpretation concepts    (i.e. particular meanings) that are not included in the value set can be used, and these new codes may also be added to    the value set and published in a future version.","StructureDefinition/au-ps-diagnosticresult-path,StructureDefinition/au-ps-smokingstatus","THO (V3)"
http://hl7.org/fhir/ValueSet/observation-methods,4.0.1,draft,"2.16.840.1.113883.4.642.3.395",ObservationMethods,Observation Methods,"Observation Method codes from [SNOMED CT](http://snomed.info/sct) where concept is-a 272394005 (Technique (qualifier value)) or is-a 129264002 (Action (qualifier value)) or is-a 386053000 (Evaluation procedure(procedure))","StructureDefinition/au-ps-diagnosticresult-path,StructureDefinition/au-ps-smokingstatus","SCT"
http://hl7.org/fhir/ValueSet/observation-status,4.0.1,active,"2.16.840.1.113883.4.642.3.400",ObservationStatus,ObservationStatus,"Codes providing the status of an observation.","StructureDefinition/au-ps-smokingstatus","hl7.fhir.r4.core"
http://hl7.org/fhir/ValueSet/performer-role,4.0.1,draft,"2.16.840.1.113883.4.642.3.433",ProcedurePerformerRoleCodes,Procedure Performer Role Codes,"This example value set defines the set of codes that can be used to indicate a role of a procedure performer.","StructureDefinition/au-ps-medicationrequest,StructureDefinition/au-ps-procedure","SCT"
http://hl7.org/fhir/ValueSet/procedure-category,4.0.1,draft,"2.16.840.1.113883.4.642.3.430",ProcedureCategoryCodes(SNOMEDCT),Procedure Category Codes (SNOMED CT),"Procedure Category code: A selection of relevant SNOMED CT codes.","StructureDefinition/au-ps-procedure","SCT"
http://hl7.org/fhir/ValueSet/procedure-followup,4.0.1,draft,"2.16.840.1.113883.4.642.3.429",ProcedureFollowUpCodes(SNOMEDCT),Procedure Follow up Codes (SNOMED CT),"Procedure follow up codes: A selection of SNOMED CT codes relevant to procedure follow up.","StructureDefinition/au-ps-procedure","SCT"
http://hl7.org/fhir/ValueSet/procedure-not-performed-reason,4.0.1,active,"2.16.840.1.113883.4.642.3.431",ProcedureNotPerformedReason(SNOMED-CT),Procedure Not Performed Reason (SNOMED-CT),"Situation codes describing the reason that a procedure, which might otherwise be expected, was not performed, or a procedure that was started and was not completed. Consists of SNOMED CT codes, children of procedure contraindicated (183932001), procedure discontinued (416406003), procedure not done (416237000), procedure not indicated (428119001), procedure not offered (416064006), procedure not wanted (416432009), procedure refused (183944003), and procedure stopped (394908001).","StructureDefinition/au-ps-procedure","SCT"
http://hl7.org/fhir/ValueSet/procedure-outcome,4.0.1,draft,"2.16.840.1.113883.4.642.3.428",ProcedureOutcomeCodes(SNOMEDCT),Procedure Outcome Codes (SNOMED CT),"Procedure Outcome code: A selection of relevant SNOMED CT codes.","StructureDefinition/au-ps-procedure","SCT"
http://hl7.org/fhir/ValueSet/procedure-reason,4.0.1,draft,"2.16.840.1.113883.4.642.3.432",ProcedureReasonCodes,Procedure Reason Codes,"This example value set defines the set of codes that can be used to indicate a reason for a procedure.","StructureDefinition/au-ps-procedure","SCT"
http://hl7.org/fhir/ValueSet/reaction-event-severity,4.0.1,draft,"2.16.840.1.113883.4.642.3.135",AllergyIntoleranceSeverity,AllergyIntoleranceSeverity,"Clinical assessment of the severity of a reaction event as a whole, potentially considering multiple different manifestations.","StructureDefinition/au-ps-allergyintolerance","hl7.fhir.r4.core"
http://hl7.org/fhir/ValueSet/reason-medication-status-codes,4.0.1,draft,"2.16.840.1.113883.4.642.3.369",SNOMEDCTDrugTherapyStatusCodes,SNOMED CT Drug Therapy Status codes ,"This value set includes some taken and not taken reason codes from SNOMED CT - provided as an exemplar","StructureDefinition/au-ps-medicationstatement","SCT"
http://hl7.org/fhir/ValueSet/referencerange-appliesto,4.0.1,draft,"2.16.840.1.113883.4.642.3.407",ObservationReferenceRangeAppliesToCodes,Observation Reference Range Applies To Codes,"This value set defines a set of codes that can be used to indicate the particular target population the reference range applies to.","StructureDefinition/au-ps-diagnosticresult-path,StructureDefinition/au-ps-smokingstatus","SCT"
http://hl7.org/fhir/ValueSet/referencerange-meaning,4.0.1,draft,"2.16.840.1.113883.4.642.3.397",ObservationReferenceRangeMeaningCodes,Observation Reference Range Meaning Codes,"This value set defines a set of codes that can be used to indicate the meaning/use of a reference range for a particular target population.","StructureDefinition/au-ps-diagnosticresult-path,StructureDefinition/au-ps-smokingstatus","THO"
http://hl7.org/fhir/ValueSet/request-priority,4.0.1,draft,"2.16.840.1.113883.4.642.3.115",RequestPriority,Request priority,"The clinical priority of a diagnostic order.","StructureDefinition/au-ps-medicationrequest","hl7.fhir.r4.core"
http://hl7.org/fhir/ValueSet/resource-types,4.0.1,active,"2.16.840.1.113883.4.642.3.27",ResourceType,ResourceType,"One of the resource types defined as part of this version of FHIR.","StructureDefinition/au-ps-condition,StructureDefinition/au-ps-medicationrequest,StructureDefinition/au-ps-composition,StructureDefinition/au-ps-allergyintolerance,StructureDefinition/au-ps-procedure,StructureDefinition/au-ps-diagnosticresult-path,StructureDefinition/au-ps-medicationstatement,StructureDefinition/au-ps-immunization,StructureDefinition/au-ps-relatedperson,StructureDefinition/au-ps-smokingstatus","hl7.fhir.r4.core"
http://hl7.org/fhir/ValueSet/search-entry-mode,4.0.1,active,"2.16.840.1.113883.4.642.3.622",SearchEntryMode,SearchEntryMode,"Why an entry is in the result set - whether it's included as a match or because of an _include requirement, or to convey information or warning information about the search process.","StructureDefinition/au-ps-bundle","hl7.fhir.r4.core"
http://hl7.org/fhir/ValueSet/security-labels,4.0.1,active,"2.16.840.1.113883.4.642.3.47",All Security Labels,SecurityLabels,"A single value set for all security labels defined by FHIR.","StructureDefinition/au-ps-composition",
http://hl7.org/fhir/ValueSet/vaccine-code,4.0.1,active,"2.16.840.1.113883.3.88.12.80.22",VaccineAdministeredValueSet,Vaccine Administered Value Set,"This identifies the vaccine substance administered - CVX codes.","StructureDefinition/au-ps-immunization","hl7.terminology.r4,Other"
http://hl7.org/fhir/uv/ips/ValueSet/results-coded-values-laboratory-pathology-uv-ips,2.0.0,active,,ResultsCodedValuesLaboratoryPathologyUvIps,Results Coded Values Laboratory/Pathology - IPS,"IPS Results Coded Values Laboratory/Pathology value set.  This value set includes the codes from the [Results Blood Group - IPS](ValueSet-results-blood-group-uv-ips.html), [Results Presence/Absence - IPS](ValueSet-results-presence-absence-uv-ips.html), [Results Microorganism - IPS](ValueSet-results-microorganism-uv-ips.html) and [Results Pathology - IPS](ValueSet-results-pathology-uv-ips.html) value sets.  SNOMED CT® ECL definition:\ < 365636006 \|Finding of blood group (finding)\| OR < 260411009 \|Presence findings (qualifier value)\| OR < 272519000 \|Absence findings (qualifier value)\| OR < 409822003 \|Domain Bacteria (organism)\| OR < 441649000 \|Class Cestoda and/or Class Trematoda and/or Phylum Nemata (organism)\| OR < 414561005 \|Kingdom Fungi (organism)\| OR < 84676004 \|Prion (organism)\| OR < 49872002 \|Virus (organism)\| OR < 417396000 \|Kingdom Protozoa (organism)\| OR < 419036000 \|Domain Archaea (organism)\| OR < 426785004 \|Kingdom Chromista (organism)\| OR < 370570004 \|Kingdom Protoctista (organism)\| OR < 417377004 \|Kingdom Viridiplantae (organism)\| OR < 243565002 \|Slime mold (organism)\| OR < 106253005 \|Histologic grading differentiation AND/OR behavior (qualifier value)\| OR < 373369003 \|Finding of histologic grading differentiation AND/OR behavior (finding)\| OR < 399981008 \|Neoplasm and/or hamartoma (disorder)\|","StructureDefinition/au-ps-diagnosticresult-path",
http://hl7.org/fhir/uv/ips/ValueSet/results-status-uv-ips,2.0.0,active,,ResultsStatusUvIps,Results Status Codes - IPS,"IPS Observation status codes allowable for results.  This value set includes all observation status codes except \""entered-in-error\"" from http://hl7.org/fhir/observation-status.","StructureDefinition/au-ps-diagnosticresult-path","hl7.fhir.r4.core"
http://terminology.hl7.org.au/ValueSet/contact-purpose,6.0.0,active,"2.16.840.1.113883.2.3.4.2.4.19",ContactPurpose,Contact Purpose,"The purpose for which an associated contact can be reached.","StructureDefinition/au-ps-organization","THO"
http://terminology.hl7.org.au/ValueSet/mims,6.0.0,active,"2.16.840.1.113883.2.3.4.2.4.7",MIMS,MIMS,"The MIMS value set includes all values from the Monthly Index of Medical Specialties (MIMS) published by MIMS Australia. Further details can be found at https://www.mims.com.au/.","StructureDefinition/au-ps-medicationrequest,StructureDefinition/au-ps-medication,StructureDefinition/au-ps-medicationstatement","hl7.fhir.au.base"
http://terminology.hl7.org.au/ValueSet/pbs-item,6.0.0,active,"2.16.840.1.113883.2.3.4.2.4.8",PBSItemCodes,PBS Item Codes,"The PBS Item Codes value set includes all values from Australian Pharmaceutical Benefits Scheme (PBS) schedule published by the Department of Health. Further details can be found at https://www.pbs.gov.au/pbs/.","StructureDefinition/au-ps-medicationrequest,StructureDefinition/au-ps-medication,StructureDefinition/au-ps-medicationstatement","hl7.fhir.au.base"
http://terminology.hl7.org.au/ValueSet/v2-0360-extended,6.0.0,active,"2.16.840.1.113883.2.3.4.2.3.360",Hl7VSDegreeLicenseCertificateAUExtended,hl7VS-degreeLicenseCertificate - AU Extended,"hl7VS-degreeLicenseCertificate extended for use in an Australian context. Includes HL7 international codes plus Australian additions to create a complete set.","StructureDefinition/au-ps-practitioner","THO"
http://terminology.hl7.org.au/ValueSet/v2-0443-extended,6.0.0,active,"2.16.840.1.113883.2.3.4.2.3.443",Hl7VSProviderRoleAUExtended,hl7VS-providerRole - AU Extended,"hl7VS-providerRole extended for use in an Australian context. Includes HL7 international codes plus Australian additions to create a complete set.","StructureDefinition/au-ps-immunization","THO (V2),THO"
http://terminology.hl7.org.au/ValueSet/v3-ActEncounterCode-extended,6.0.0,active,"2.16.840.1.113883.2.3.4.2.4.20",ActEncounterCodeAUExtended,ActEncounterCode - AU Extended,"v3 Act Encounter Code extended for use in an Australian context. Includes HL7 international codes plus Australian additions to create a complete set.","StructureDefinition/au-ps-encounter","THO"
http://terminology.hl7.org/ValueSet/v2-0092,3.0.0,active,"2.16.840.1.113883.21.40",Hl7VSReAdmissionIndicator,hl7VS-re-admissionIndicator,"Value Set of codes which are used to specify that a patient is being re-admitted to a healthcare facility from which they were discharged, and indicates the circumstances around such re-admission.","StructureDefinition/au-ps-encounter","THO (V2)"
http://terminology.hl7.org/ValueSet/v3-ActCode,3.0.0,active,,ActCode,v3 Code System ActCode,"A code specifying the particular kind of Act that the Act-instance represents within its class.  Constraints:  The kind of Act (e.g. physical examination, serum potassium, inpatient encounter, charge financial transaction, etc.) is specified with a code from one of several, typically external, coding systems.  The coding system will depend on the class of Act, such as LOINC for observations, etc. Conceptually, the Act.code must be a specialization of the Act.classCode. This is why the structure of ActClass domain should be reflected in the superstructure of the ActCode domain and then individual codes or externally referenced vocabularies subordinated under these domains that reflect the ActClass structure. Act.classCode and Act.code are not modifiers of each other but the Act.code concept should really imply the Act.classCode concept. For a negative example, it is not appropriate to use an Act.code ""potassium"" together with and Act.classCode for ""laboratory observation"" to somehow mean ""potassium laboratory observation"" and then use the same Act.code for ""potassium"" together with Act.classCode for ""medication"" to mean ""substitution of potassium"". This mutually modifying use of Act.code and Act.classCode is not permitted.","StructureDefinition/au-ps-composition","THO (V3)"
http://terminology.hl7.org/ValueSet/v3-ActEncounterCode,3.0.0,active,"2.16.840.1.113883.1.11.13955",ActEncounterCode,ActEncounterCode,"Domain provides codes that qualify the ActEncounterClass (ENC)","StructureDefinition/au-ps-encounter","THO (V3)"
http://terminology.hl7.org/ValueSet/v3-ActPriority,3.0.0,active,"2.16.840.1.113883.1.11.16866",ActPriority,ActPriority,"A code or set of codes (e.g., for routine, emergency,) specifying the urgency under which the Act happened, can happen, is happening, is intended to happen, or is requested/demanded to happen.    *Discussion:* This attribute is used in orders to indicate the ordered priority, and in event documentation it indicates the actual priority used to perform the act. In definition mood it indicates the available priorities.","StructureDefinition/au-ps-encounter","THO (V3)"
http://terminology.hl7.org/ValueSet/v3-ActSubstanceAdminSubstitutionCode,3.0.0,active,"2.16.840.1.113883.1.11.16621",ActSubstanceAdminSubstitutionCode,ActSubstanceAdminSubstitutionCode,"***No description***","StructureDefinition/au-ps-medicationrequest","THO (V3)"
http://terminology.hl7.org/ValueSet/v3-ConfidentialityClassification,2014-03-26,active,"2.16.840.1.113883.1.11.10228",v3.ConfidentialityClassification,V3 Value SetConfidentialityClassification," Set of codes used to value Act.Confidentiality and Role.Confidentiality attribute in accordance with the definition for concept domain ""Confidentiality"".","StructureDefinition/au-ps-composition","THO (V3)"
http://terminology.hl7.org/ValueSet/v3-GTIN,3.0.0,active,"2.16.840.1.113883.1.11.19885",GTIN,GTIN,"**Description:**Global Trade Item Number is an identifier for trade items developed by GS1 (comprising the former EAN International and Uniform Code Council).","StructureDefinition/au-ps-medicationrequest,StructureDefinition/au-ps-medication,StructureDefinition/au-ps-medicationstatement","THO (V3)"
https://healthterminologies.gov.au/fhir/ValueSet/adverse-reaction-agent-1,1.1.1,active,"1.2.36.1.2001.1004.201.10036",AdverseReactionAgent,Adverse Reaction Agent,"The Adverse Reaction Agent value set includes values that support the recording of agents that may be responsible for causing adverse reactions. It is a broad set encompassing medicinal and non-medicinal agents.","StructureDefinition/au-ps-allergyintolerance","SCT"
https://healthterminologies.gov.au/fhir/ValueSet/adverse-reaction-clinical-manifestation-1,1.0.0,active,"1.2.36.1.2001.1004.201.10296",AdverseReactionClinicalManifestation,Adverse Reaction Clinical Manifestation,"The Adverse Reaction Clinical Manifestation value set supports the recording of clinical manifestations of adverse reactions (including allergies and intolerances).","StructureDefinition/au-ps-allergyintolerance","SCT"
https://healthterminologies.gov.au/fhir/ValueSet/adverse-reaction-substances-and-negated-findings-1,1.0.0,active,"1.2.36.1.2001.1004.201.10286",AdverseReactionSubstancesandNegatedFindings,Adverse Reaction Substances and Negated Findings,"The Adverse Reaction Substances and Negated Findings value set comprises terms used to identify a predisposition to adverse reactions to substances, as well as negated findings.","StructureDefinition/au-ps-allergyintolerance","SCT"
https://healthterminologies.gov.au/fhir/ValueSet/amt-vaccine-1,1.0.2,active,"1.2.36.1.2001.1004.201.10042",AustralianMedicinesTerminologyVaccine,Australian Medicines Terminology Vaccine,"The Australian Medicines Terminology (AMT) Vaccine value set includes AMT product concepts that may be used to record a vaccine product.","StructureDefinition/au-ps-immunization","SCT"
https://healthterminologies.gov.au/fhir/ValueSet/australian-immunisation-register-vaccine-1,1.0.2,active,"1.2.36.1.2001.1004.201.10043",AustralianImmunisationRegisterVaccine,Australian Immunisation Register Vaccine,"The Australian Immunisation Register Vaccine value set includes values that may be used to represent a vaccine product according to the Australian Immunisation Register vaccine code formats.","StructureDefinition/au-ps-immunization","Other"
https://healthterminologies.gov.au/fhir/ValueSet/australian-medication-1,1.0.2,active,"1.2.36.1.2001.1004.201.10003",AustralianMedication,Australian Medication,"The Australian Medication value set includes all Australian Medicines Terminology (AMT) product concepts that may be used for the identification of a medicine, vaccine or other therapeutic good. This is suitable for the recording of a product which may be ordered for, administered to, or used by an individual.","StructureDefinition/au-ps-medicationrequest,StructureDefinition/au-ps-medication,StructureDefinition/au-ps-medicationstatement","SCT"
https://healthterminologies.gov.au/fhir/ValueSet/australian-medication-use-1,1.0.0,active,"1.2.36.1.2001.1004.201.10303",AustralianMedicationUse,Australian Medication Use,"The Australian Medication Use value set extends the NCTS Australian Medication value set by including all Australian Medicines Terminology (AMT) product concepts that may be used for the identification of a medicine, vaccine or other therapeutic good, together with the concept 787481004 |No known medications| (SNOMED CT). This value set is suitable for recording the medication or asserting the absence of known medications in a Medication Statement.","StructureDefinition/au-ps-medicationstatement","SCT"
https://healthterminologies.gov.au/fhir/ValueSet/body-site-1,1.0.2,active,"1.2.36.1.2001.1004.201.10031",BodySite,Body Site,"The Body Site value set includes values that cover a broad range of anatomical and acquired body structures suitable for identifying a body site.","StructureDefinition/au-ps-condition,StructureDefinition/au-ps-medicationrequest,StructureDefinition/au-ps-procedure,StructureDefinition/au-ps-medicationstatement","SCT"
https://healthterminologies.gov.au/fhir/ValueSet/clinical-condition-1,1.0.2,active,"1.2.36.1.2001.1004.201.10035",ClinicalCondition,Clinical Condition,"The Clinical Condition value set includes values that cover a broad range of clinical concepts to support the representation of conditions, including problems, diagnoses and disorders.","StructureDefinition/au-ps-condition","SCT"
https://healthterminologies.gov.au/fhir/ValueSet/clinical-finding-1,1.0.2,active,"1.2.36.1.2001.1004.201.10037",ClinicalFinding,Clinical Finding,"The Clinical Finding value set includes a broad range of values that support the recording of disorders and clinical findings, including observations, judgments or assessments about subjects of care.","StructureDefinition/au-ps-condition,StructureDefinition/au-ps-medicationrequest,StructureDefinition/au-ps-medicationstatement","SCT"
https://healthterminologies.gov.au/fhir/ValueSet/clinical-specialty-1,1.1.0,active,"1.2.36.1.2001.1004.201.10186",ClinicalSpecialty,Clinical Specialty,"The Clinical Specialty value set includes values that may be used to describe a clinical specialty performed by an entity.","StructureDefinition/au-ps-practitionerrole","SCT"
https://healthterminologies.gov.au/fhir/ValueSet/common-languages-australia-2,2.2.1,active,"1.2.36.1.2001.1004.201.10069",CommonLanguagesInAustralia,Common Languages in Australia,"The Common Languages in Australia value set includes languages that are commonly encountered in Australia, including a comprehensive set of Australian Indigenous languages.","StructureDefinition/au-ps-practitioner,StructureDefinition/au-ps-relatedperson,StructureDefinition/au-ps-patient","hl7.terminology.r4"
https://healthterminologies.gov.au/fhir/ValueSet/contact-relationship-type-3,3.1.0,active,"1.2.36.1.2001.1004.201.10187",ContactRelationshipType,Contact Relationship Type,"The Contact Relationship Type value set includes values that may be used to describe the nature of the relationship between the subject and the contact person.","StructureDefinition/au-ps-patient","SCT"
https://healthterminologies.gov.au/fhir/ValueSet/encounter-type-1,1.0.1,active,"1.2.36.1.2001.1004.201.10086",EncounterType,Encounter Type,"The Encounter Type value set includes values that can be used to represent types of healthcare interactions.","StructureDefinition/au-ps-encounter","SCT"
https://healthterminologies.gov.au/fhir/ValueSet/healthcare-organisation-role-type-1,1.1.0,active,"1.2.36.1.2001.1004.201.10112",HealthcareOrganisationRoleType,Healthcare Organisation Role Type,"The Healthcare Organisation Role Type value set includes values that can represent the role, use or function of a healthcare related organisation or facility.","StructureDefinition/au-ps-organization","SCT"
https://healthterminologies.gov.au/fhir/ValueSet/immunisation-anatomical-site-1,1.0.2,active,"1.2.36.1.2001.1004.201.10045",ImmunisationAnatomicalSite,Immunisation Anatomical Site,"The Immunisation Anatomical Site value set includes values that can be used to describe the anatomical site where an immunisation may be administered.","StructureDefinition/au-ps-immunization","SCT"
https://healthterminologies.gov.au/fhir/ValueSet/immunisation-route-of-administration-1,1.0.2,active,"1.2.36.1.2001.1004.201.10050",ImmunisationRouteOfAdministration,Immunisation Route of Administration,"The Immunisation Route of Administration value set includes values that can be used to describe the route by which a vaccine is administered.","StructureDefinition/au-ps-immunization","SCT"
https://healthterminologies.gov.au/fhir/ValueSet/indicator-hypersensitivity-intolerance-to-substance-2,2.1.0,active,"1.2.36.1.2001.1004.201.10087",IndicatorOfHypersensitivityOrIntoleranceToSubstance,Indicator of Hypersensitivity or Intolerance to Substance,"The Indicator of Hypersensitivity or Intolerance to Substance value set includes values that may be used to indicate or state a propensity to adverse reaction to a substance. The values represent a range of concept types such as substances, medicines, clinical findings and negated allergy findings.","StructureDefinition/au-ps-allergyintolerance","SCT"
https://healthterminologies.gov.au/fhir/ValueSet/medication-form-1,1.1.1,active,"1.2.36.1.2001.1004.201.10046",MedicationForm,Medication Form,"The Medication Form value set includes values that represent the dose form of a medication.","StructureDefinition/au-ps-medication","SCT"
https://healthterminologies.gov.au/fhir/ValueSet/medication-ingredient-1,1.0.0,active,"1.2.36.1.2001.1004.201.10295",MedicationIngredient,Medication Ingredient,"The Medication Ingredient value set includes values that may be used to identify a substance or a medicinal product that is an ingredient of a medication.","StructureDefinition/au-ps-medication","SCT"
https://healthterminologies.gov.au/fhir/ValueSet/medication-reason-taken-1,1.1.0,active,"1.2.36.1.2001.1004.201.10048",MedicationReasonTaken,Medication Reason Taken,"The Medication Reason Taken value set includes values that identify a reason why a medication has been or is being taken.","StructureDefinition/au-ps-medicationstatement","SCT"
https://healthterminologies.gov.au/fhir/ValueSet/medicine-substitution-reason-1,1.0.1,active,"1.2.36.1.2001.1004.201.10067",MedicineSubstitutionReason,Medicine Substitution Reason,"The Medicine Substitution Reason value set includes values that may be used to record the reason for medicine substitution.","StructureDefinition/au-ps-medicationrequest","SCT"
https://healthterminologies.gov.au/fhir/ValueSet/pathology-diagnostic-service-category-1,1.0.0,active,"1.2.36.1.2001.1004.201.10180",PathologyDiagnosticServiceCategory,Pathology Diagnostic Service Category,"The Pathology Diagnostic Service Category value set includes values that may be used to indicate the diagnostic service where a pathology observation was performed.","StructureDefinition/au-ps-diagnosticresult-path","THO (V2)"
https://healthterminologies.gov.au/fhir/ValueSet/practitioner-role-1,1.0.2,active,"1.2.36.1.2001.1004.201.10028",PractitionerRole,Practitioner Role,"The Practitioner Role value set includes values that describe the role that a practitioner is authorised to perform within an organisation.","StructureDefinition/au-ps-practitionerrole","SCT"
https://healthterminologies.gov.au/fhir/ValueSet/procedure-1,1.0.2,active,"1.2.36.1.2001.1004.201.10033",Procedure,Procedure,"The Procedure value set includes values that cover a broad range of procedures and clinical interventions that can be associated with a subject of care.","StructureDefinition/au-ps-procedure","SCT"
https://healthterminologies.gov.au/fhir/ValueSet/reason-for-encounter-1,1.0.0,active,"1.2.36.1.2001.1004.201.10210",ReasonForEncounter,Reason For Encounter,"The Reason For Encounter value set includes values that can be used to represent the reason an encounter takes place.","StructureDefinition/au-ps-encounter","SCT"
https://healthterminologies.gov.au/fhir/ValueSet/reason-for-request-1,1.0.1,active,"1.2.36.1.2001.1004.201.10078",ReasonForRequest,Reason for Request,"The Reason for Request value set includes values that can be used to indicate the rationale for a request. For example, this may include the reason for requesting a service or diagnostic procedure.","StructureDefinition/au-ps-medicationrequest","SCT"
https://healthterminologies.gov.au/fhir/ValueSet/reason-vaccine-administered-1,1.0.2,active,"1.2.36.1.2001.1004.201.10058",ReasonVaccineAdministered,Reason Vaccine Administered,"The Reason Vaccine Administered value set includes values that describe why a vaccine may be administered.","StructureDefinition/au-ps-immunization","SCT"
https://healthterminologies.gov.au/fhir/ValueSet/reason-vaccine-not-administered-3,3.0.0,active,"1.2.36.1.2001.1004.201.10269",ReasonVaccineNotAdministered,Reason Vaccine Not Administered,"The Reason Vaccine Not Administered value set includes values that describe why a vaccine was not administered.","StructureDefinition/au-ps-immunization","SCT"
https://healthterminologies.gov.au/fhir/ValueSet/related-person-relationship-type-1,1.2.2,active,"1.2.36.1.2001.1004.201.10016",RelatedPersonRelationshipType,Related Person Relationship Type,"The Related Person Relationship Type value set includes values that may be used to describe the nature of the relationship between the subject and the related person.","StructureDefinition/au-ps-relatedperson","SCT"
https://healthterminologies.gov.au/fhir/ValueSet/route-of-administration-1,1.0.2,active,"1.2.36.1.2001.1004.201.10041",RouteOfAdministration,Route of Administration,"The Route of Administration value set includes values that describe the route by which a medicine may be administered.","StructureDefinition/au-ps-medicationrequest,StructureDefinition/au-ps-allergyintolerance,StructureDefinition/au-ps-medicationstatement","SCT"
https://healthterminologies.gov.au/fhir/ValueSet/separation-mode-1,1.0.1,active,"1.2.36.1.2001.1004.201.10070",SeparationMode,Separation Mode,"The Separation Mode value set includes values that can be used to indicate the category of discharge of a patient. Separation refers to the process by which an episode of care for an admitted patient ceases.","StructureDefinition/au-ps-encounter","Other"
https://healthterminologies.gov.au/fhir/ValueSet/service-type-1,1.0.0,active,"1.2.36.1.2001.1004.201.10184",ServiceType,Service Type,"The Service Type value set includes values that describe a broad range of service types.","StructureDefinition/au-ps-encounter","SCT"
https://healthterminologies.gov.au/fhir/ValueSet/smoking-status-1,1.0.0,active,"1.2.36.1.2001.1004.201.10244",SmokingStatus,Smoking Status,"The Smoking Status value set includes values that may be used to represent an individual’s current behaviour of tobacco smoking.","StructureDefinition/au-ps-smokingstatus","SCT"
https://healthterminologies.gov.au/fhir/ValueSet/spia-pathology-reporting-1,1.0.0,active,"1.2.36.1.2001.1004.201.10214",RCPASPIAPathologyReporting,RCPA SPIA Pathology Reporting,"The RCPA SPIA Pathology Reporting value set includes standard codes for use in reporting chemical pathology, haematology, immunopathology and microbiology serology results in Australia. The values represent the observables against which results are reported. It combines several Royal College of Pathologists of Australasia (RCPA) Standards for Pathology Informatics in Australia (SPIA) value sets. The composition of this value set, in referencing other value sets, does not transiently include the designations and displays defined in the referenced value sets.","StructureDefinition/au-ps-diagnosticresult-path",
https://healthterminologies.gov.au/fhir/ValueSet/vaccination-target-disease-1,1.0.2,active,"1.2.36.1.2001.1004.201.10059",VaccinationTargetDisease,Vaccination Target Disease,"The Vaccination Target Disease value set includes values that can represent vaccine preventable diseases. The content coverage includes diseases caused by a microorganism or bacterial toxin.","StructureDefinition/au-ps-immunization","SCT"
https://www.rcpa.edu.au/fhir/ValueSet/spia-chemical-pathology-refset-3,3.20260228.0,active,"1.2.36.1.2001.1004.300.100.1001",spia-chemical-pathology-refset,RCPA - SPIA Chemical Pathology Value Set,"Standard codes for use in reporting chemical pathology results in Australia. Content is derived from the RCPA Standardised Pathology Informatics in Australia (SPIA) Guidelines. See: https://www.rcpa.edu.au/Library/Practising-Pathology/PTIS/SPIA-Terminology-Reference","StructureDefinition/au-ps-diagnosticresult-path","LOINC"
https://www.rcpa.edu.au/fhir/ValueSet/spia-haematology-refset-3,3.20260531.0,active,"1.2.36.1.2001.1004.300.100.1007",spia-haematology-refset,RCPA - SPIA Haematology Value Set,"Standard codes for use in reporting haematology pathology results in Australia. Content is derived from the RCPA Standardised Pathology Informatics in Australia (SPIA) Guidelines. See: https://www.rcpa.edu.au/Library/Practising-Pathology/PTIS/SPIA-Terminology-Reference","StructureDefinition/au-ps-diagnosticresult-path","LOINC"
https://www.rcpa.edu.au/fhir/ValueSet/spia-immunopathology-refset-3,3.20251231.1,active,"1.2.36.1.2001.1004.300.100.1009",spia-immunopathology-refset,RCPA - SPIA Immunopathology Value Set,"Standard codes for use in reporting immunopathology results in Australia. Content is derived from the RCPA Standardised Pathology Informatics in Australia (SPIA) Guidelines. See: https://www.rcpa.edu.au/Library/Practising-Pathology/PTIS/SPIA-Terminology-Reference","StructureDefinition/au-ps-diagnosticresult-path","LOINC"
https://www.rcpa.edu.au/fhir/ValueSet/spia-microbiology-serology-molecular-refset-3,3.20251231.1,active,"1.2.36.1.2001.1004.300.100.1004",spia-microbiology-serology-molecular-refset,RCPA - SPIA Microbiology Serology Molecular Pathology Value Set,"Standard codes for use in reporting microbiology pathology results in Australia. Content is derived from the RCPA Standardised Pathology Informatics in Australia (SPIA) Guidelines. See: https://www.rcpa.edu.au/Library/Practising-Pathology/PTIS/SPIA-Terminology-Reference","StructureDefinition/au-ps-diagnosticresult-path","LOINC"
